{
  "name": "UCOSIII",
  "type": "ARM",
  "dependenceList": [],
  "srcDirs": [
    ".eide/deps"
  ],
  "virtualFolder": {
    "name": "<virtual_root>",
    "files": [],
    "folders": [
      {
        "name": "CORE",
        "files": [
          {
            "path": "../CORE/cmsis_armcc.h"
          },
          {
            "path": "../CORE/core_cm4.h"
          },
          {
            "path": "../CORE/core_cmFunc.h"
          },
          {
            "path": "../CORE/core_cmInstr.h"
          },
          {
            "path": "../CORE/core_cmSimd.h"
          },
          {
            "path": "../CORE/startup_stm32l432xx.s"
          }
        ],
        "folders": []
      },
      {
        "name": "HALLIB",
        "files": [
          {
            "path": "../HALLIB/STM32L4xx_HAL_Driver/Src/stm32l4xx_hal_adc_ex.c"
          },
          {
            "path": "../HALLIB/STM32L4xx_HAL_Driver/Src/stm32l4xx_hal_adc.c"
          },
          {
            "path": "../HALLIB/STM32L4xx_HAL_Driver/Src/stm32l4xx_hal_cortex.c"
          },
          {
            "path": "../HALLIB/STM32L4xx_HAL_Driver/Src/stm32l4xx_hal_dma.c"
          },
          {
            "path": "../HALLIB/STM32L4xx_HAL_Driver/Src/stm32l4xx_hal_gpio.c"
          },
          {
            "path": "../HALLIB/STM32L4xx_HAL_Driver/Src/stm32l4xx_hal_pwr_ex.c"
          },
          {
            "path": "../HALLIB/STM32L4xx_HAL_Driver/Src/stm32l4xx_hal_pwr.c"
          },
          {
            "path": "../HALLIB/STM32L4xx_HAL_Driver/Src/stm32l4xx_hal_rcc_ex.c"
          },
          {
            "path": "../HALLIB/STM32L4xx_HAL_Driver/Src/stm32l4xx_hal_rcc.c"
          },
          {
            "path": "../HALLIB/STM32L4xx_HAL_Driver/Src/stm32l4xx_hal_tim_ex.c"
          },
          {
            "path": "../HALLIB/STM32L4xx_HAL_Driver/Src/stm32l4xx_hal_tim.c"
          },
          {
            "path": "../HALLIB/STM32L4xx_HAL_Driver/Src/stm32l4xx_hal_uart_ex.c"
          },
          {
            "path": "../HALLIB/STM32L4xx_HAL_Driver/Src/stm32l4xx_hal_uart.c"
          },
          {
            "path": "../HALLIB/STM32L4xx_HAL_Driver/Src/stm32l4xx_hal_usart.c"
          },
          {
            "path": "../HALLIB/STM32L4xx_HAL_Driver/Src/stm32l4xx_hal.c"
          }
        ],
        "folders": []
      },
      {
        "name": "HARDWARE",
        "files": [
          {
            "path": "../HARDWARE/src/adc.c"
          },
          {
            "path": "../HARDWARE/src/DS18B20.c"
          },
          {
            "path": "../HARDWARE/src/esp8266.c"
          },
          {
            "path": "../HARDWARE/src/led.c"
          },
          {
            "path": "../HARDWARE/src/timer.c"
          },
          {
            "path": "../SYSTEM/usart/usart.c"
          }
        ],
        "folders": []
      },
      {
        "name": "SYSTEM",
        "files": [
          {
            "path": "../HARDWARE/src/usart2.c"
          },
          {
            "path": "../SYSTEM/delay/delay.c"
          },
          {
            "path": "../SYSTEM/sys/sys.c"
          }
        ],
        "folders": []
      },
      {
        "name": "UCOSIII_BSP",
        "files": [
          {
            "path": "../UCOSIII/UCOS-BSP/bsp.c"
          }
        ],
        "folders": []
      },
      {
        "name": "UCOSIII_CONFIG",
        "files": [
          {
            "path": "../UCOSIII/UCOS-CONFIG/app_cfg.h"
          },
          {
            "path": "../UCOSIII/UCOS-CONFIG/cpu_cfg.h"
          },
          {
            "path": "../UCOSIII/UCOS-CONFIG/includes.h"
          },
          {
            "path": "../UCOSIII/UCOS-CONFIG/lib_cfg.h"
          },
          {
            "path": "../UCOSIII/UCOS-CONFIG/os_app_hooks.c"
          },
          {
            "path": "../UCOSIII/UCOS-CONFIG/os_app_hooks.h"
          },
          {
            "path": "../UCOSIII/UCOS-CONFIG/os_cfg.h"
          },
          {
            "path": "../UCOSIII/UCOS-CONFIG/os_cfg_app.h"
          }
        ],
        "folders": []
      },
      {
        "name": "UCOSIII_CORE",
        "files": [
          {
            "path": "../UCOSIII/uCOS-III/Source/os_cfg_app.c"
          },
          {
            "path": "../UCOSIII/uCOS-III/Source/os_core.c"
          },
          {
            "path": "../UCOSIII/uCOS-III/Source/os_dbg.c"
          },
          {
            "path": "../UCOSIII/uCOS-III/Source/os_flag.c"
          },
          {
            "path": "../UCOSIII/uCOS-III/Source/os_int.c"
          },
          {
            "path": "../UCOSIII/uCOS-III/Source/os_mem.c"
          },
          {
            "path": "../UCOSIII/uCOS-III/Source/os_msg.c"
          },
          {
            "path": "../UCOSIII/uCOS-III/Source/os_mutex.c"
          },
          {
            "path": "../UCOSIII/uCOS-III/Source/os_pend_multi.c"
          },
          {
            "path": "../UCOSIII/uCOS-III/Source/os_prio.c"
          },
          {
            "path": "../UCOSIII/uCOS-III/Source/os_q.c"
          },
          {
            "path": "../UCOSIII/uCOS-III/Source/os_sem.c"
          },
          {
            "path": "../UCOSIII/uCOS-III/Source/os_stat.c"
          },
          {
            "path": "../UCOSIII/uCOS-III/Source/os_task.c"
          },
          {
            "path": "../UCOSIII/uCOS-III/Source/os_tick.c"
          },
          {
            "path": "../UCOSIII/uCOS-III/Source/os_time.c"
          },
          {
            "path": "../UCOSIII/uCOS-III/Source/os_tmr.c"
          },
          {
            "path": "../UCOSIII/uCOS-III/Source/os_var.c"
          }
        ],
        "folders": []
      },
      {
        "name": "UCOSIII_CPU",
        "files": [
          {
            "path": "../UCOSIII/uC-CPU/ARM-Cortex-M4/RealView/cpu_c.c"
          },
          {
            "path": "../UCOSIII/uC-CPU/cpu_core.c"
          },
          {
            "path": "../UCOSIII/uC-CPU/ARM-Cortex-M4/RealView/cpu_a.asm"
          }
        ],
        "folders": []
      },
      {
        "name": "UCOSIII_LIB",
        "files": [
          {
            "path": "../UCOSIII/uC-LIB/lib_ascii.c"
          },
          {
            "path": "../UCOSIII/uC-LIB/lib_math.c"
          },
          {
            "path": "../UCOSIII/uC-LIB/lib_mem.c"
          },
          {
            "path": "../UCOSIII/uC-LIB/lib_str.c"
          },
          {
            "path": "../UCOSIII/uC-LIB/Ports/ARM-Cortex-M4/RealView/lib_mem_a.asm"
          }
        ],
        "folders": []
      },
      {
        "name": "UCOSIII_PORT",
        "files": [
          {
            "path": "../UCOSIII/uCOS-III/Ports/ARM-Cortex-M4/Generic/RealView/os_cpu.h"
          },
          {
            "path": "../UCOSIII/uCOS-III/Ports/ARM-Cortex-M4/Generic/RealView/os_cpu_c.c"
          },
          {
            "path": "../UCOSIII/uCOS-III/Ports/ARM-Cortex-M4/Generic/RealView/os_cpu_a.asm"
          }
        ],
        "folders": []
      },
      {
        "name": "USER",
        "files": [
          {
            "path": "main.c"
          },
          {
            "path": "stm32l4xx_hal_msp.c"
          },
          {
            "path": "stm32l4xx_it.c"
          },
          {
            "path": "system_stm32l4xx.c"
          }
        ],
        "folders": []
      }
    ]
  },
  "outDir": "build",
  "deviceName": null,
  "packDir": null,
  "miscInfo": {
    "uid": "6c2e94a5f265383412fc803841c59cf5"
  },
  "targets": {
    "UCOSIII": {
      "excludeList": [],
      "toolchain": "AC5",
      "compileConfig": {
        "cpuType": "Cortex-M4",
        "floatingPointHardware": "none",
        "scatterFilePath": "",
        "useCustomScatterFile": false,
        "storageLayout": {
          "RAM": [
            {
              "tag": "RAM",
              "id": 1,
              "mem": {
                "startAddr": "0x0",
                "size": "0x0"
              },
              "isChecked": false,
              "noInit": false
            },
            {
              "tag": "RAM",
              "id": 2,
              "mem": {
                "startAddr": "0x0",
                "size": "0x0"
              },
              "isChecked": false,
              "noInit": false
            },
            {
              "tag": "RAM",
              "id": 3,
              "mem": {
                "startAddr": "0x0",
                "size": "0x0"
              },
              "isChecked": false,
              "noInit": false
            },
            {
              "tag": "IRAM",
              "id": 1,
              "mem": {
                "startAddr": "0x20000000",
                "size": "0x10000"
              },
              "isChecked": true,
              "noInit": false
            },
            {
              "tag": "IRAM",
              "id": 2,
              "mem": {
                "startAddr": "0x0",
                "size": "0x0"
              },
              "isChecked": false,
              "noInit": false
            }
          ],
          "ROM": [
            {
              "tag": "ROM",
              "id": 1,
              "mem": {
                "startAddr": "0x0",
                "size": "0x0"
              },
              "isChecked": false,
              "isStartup": false
            },
            {
              "tag": "ROM",
              "id": 2,
              "mem": {
                "startAddr": "0x0",
                "size": "0x0"
              },
              "isChecked": false,
              "isStartup": false
            },
            {
              "tag": "ROM",
              "id": 3,
              "mem": {
                "startAddr": "0x0",
                "size": "0x0"
              },
              "isChecked": false,
              "isStartup": false
            },
            {
              "tag": "IROM",
              "id": 1,
              "mem": {
                "startAddr": "0x8000000",
                "size": "0x40000"
              },
              "isChecked": true,
              "isStartup": true
            },
            {
              "tag": "IROM",
              "id": 2,
              "mem": {
                "startAddr": "0x0",
                "size": "0x0"
              },
              "isChecked": false,
              "isStartup": false
            }
          ]
        },
        "options": "null"
      },
      "uploader": "JLink",
      "uploadConfig": {
        "bin": "",
        "baseAddr": "",
        "cpuInfo": {
          "vendor": "null",
          "cpuName": "null"
        },
        "proType": 1,
        "speed": 8000,
        "otherCmds": ""
      },
      "uploadConfigMap": {},
      "custom_dep": {
        "name": "default",
        "incList": [
          "../CORE",
          "../OBJ",
          ".",
          "../SYSTEM/delay",
          "../SYSTEM/sys",
          "../SYSTEM/usart",
          "../UCOSIII/uC-CPU",
          "../UCOSIII/uC-LIB",
          "../UCOSIII/UCOS-BSP",
          "../UCOSIII/UCOS-CONFIG",
          "../UCOSIII/uCOS-III/Source",
          "../UCOSIII/uC-CPU/ARM-Cortex-M4/RealView",
          "../UCOSIII/uC-LIB/Ports/ARM-Cortex-M4/RealView",
          "../UCOSIII/uCOS-III/Ports/ARM-Cortex-M4/Generic/RealView",
          "../HALLIB/STM32L4xx_HAL_Driver/Inc",
          "../HARDWARE/inc",
          ".eide/deps"
        ],
        "libList": [],
        "sourceDirList": [],
        "defineList": [
          "USE_HAL_DRIVER",
          "STM32L432xx"
        ]
      }
    }
  },
  "version": "3.3"
}